create database ps4games_sales;

use ps4games_sales;

CREATE TABLE publisher (
    publisher_id INT PRIMARY KEY,
    publisher_name VARCHAR(100) NOT NULL
    
);
CREATE TABLE genre (
    genre_id INT PRIMARY KEY,
    genre_name VARCHAR(50) NOT NULL
    
);

CREATE TABLE games (
    game_id INT PRIMARY KEY,
    name VARCHAR(100) NOT NULL,
    year_of_release INT,
    genre_id INT,
    publisher_id INT,
    FOREIGN KEY (genre_id) REFERENCES genre(genre_id),
    FOREIGN KEY (publisher_id) REFERENCES publisher(publisher_id)
);

CREATE TABLE sales (
    sale_id INT PRIMARY KEY,
    game_id INT,
    northamerica_sales DECIMAL(10, 2),
    europe_sales DECIMAL(10, 2),
    japan_sales DECIMAL(10, 2),
    other_sales DECIMAL(10, 2),
    global_sales DECIMAL(10, 2),
    FOREIGN KEY (game_id) REFERENCES games(game_id)
);

insert into publisher
values(102,"Electronic_Arts"),
(103,"Ubisoft"),
(104,"Sony_Computer_Entertainment"),
(105,"Sony_Computer_Entertainment_Europe"),
(106,"Warner_Bros_Interactive_Entertainment"),
(107,"Take_two_interactive"),
(108," System _3"),
(109,"Bethesda_Softworks"),
(110,"Square_Enix"),
(111,"Konami_Digital_Entertainment"),
(112,"Sega"),
(113,"Sony_Computer_Entertainment_America"),
(114,"505_Games"),
(115,"Deep_Silver"),
(116,"Disney_Interactive_Studios"),
(117,"Telltale_Games"),
(118,"Tecmo_Koei"),
(119,"Focus_Home_Interactive"),
(120,"Nippon_Ichi_Software"),
(121,"Namco_Bandai_Games"),
(122,"Milestone_S_r_l"),
(123,"Arc_System_Works"),
(124,"Acquire"),
(125,"Unknown"),
(126,"505_Games"),
(127,"Compile_Heart"),
(128,"Slightly_Mad_Studios"),
(129,"Mojang"),
(130,"Codemasters"),
(131,"Harmonix_Music_Systems"),
(132,"Koch_Media"),
(133,"Kalypso_Media"),
(134,"Capcom"),
(135,"Nordic_Games"),
(136,"Rebellion_Developments"),
(137,"Marvelous_Interactive"),
(138,"PQube"),
(139,"Tru_Blu_Entertainment"),
(140,"Bigben_Interactive"),
(141,"D3Publisher"),
(142,"Little_Orbit"),
(143,"Yacht_Club_Games"),
(144,"Kalypso_Media"),
(145,"Idea_Factory_International"),
(146,"Revolution_Software"),
(147,"Xseed_Games"),
(148,"Aqua_Plus"),
(149,"Aksys_Games"),
(150,"FuRyu_Corporation"),
(151,"Devolver_Digital"),
(152,"Hello_Games"),
(153,"Atlus"),
(154,"Crytek"),
(155,"CCP"),
(156,"Insomniac_Games"),
(157,"Tripwire_Interactive"),
(158,"Dusenberry_Martin_Racing"),
(159,"Games_Workshop"),
(160,"Gearbox Software"),
(161,"Nihon_Falcom_Corporation"),
(162,"Introversion_Software"),
(163,"Team17"),
(164,"Microids"),
(165,"Atari"),
(166,"Rising_Star_Games"),
(167,"Avanquest"),
(168,"Yeti"),
(169,"Stainless_Games"),
(170,"UIG_Entertainment");

insert into genre
values(201,"sports"),
(202,"Action"),
(203,"Racing"),
(204,"Platform"),
(205,"Fighting"),
(206,"Misc"),
(207,"Strategy"),
(208,"Role_Playing"),
(209,"Adventure"),
(210,"Simulation"),
(211,"Puzzle");

insert into games
values(2,"Battlefield_4",2013,200,102),
(3,"FIFA_14",2013,201,102),
(4,"Assassin's_Creed_IV: Black_Flag",2013,202,103),
(5,"Killzone:Shadow_fall",2013,200,104),
(6,"Need_for_Speed_Rivals",2013,203,102),
(7,"Knack",2013,204,105),
(8,"LEGO_Marvel_Super_Heroes",2013,202,106),
(9,"NBA 2K14",2013,201,107),
(10,"injustice: Gods Among Us",2013,205,106),
(11,"Madden NFL 25",2013,201,102),
(12,"Just Dance",2014,206,103),
(13,"Skylanders SWAP Force",2013,204,101),
(14,"NBA Live 14",2013,201,102),
(15,"Angry Birds Star Wars",2013,207,101),
(16,"Putty Squad",2013,204,108),
(17,"Grand Theft Auto V",2014,202,107),
(18,"Call of Duty: Advanced Warfare",2014,200,101),
(19,"FIFA 15",2014,201,102),
(20,"Destiny",2014,200,101),
(21,"The Last of Us",2014,202,104),
(22,"Minecraft",2014,206,105),
(23,"Watch Dogs",2014,202,103),
(24,"Far Cry 4",2014,200,103),
(25,"Assassin's Creed: Unity",2014,202,103),
(26,"Middle-Earth: Shadow of Mordor",2014,202,106),
(27,"inFAMOUS: Second Son",2014,202,104),
(28,"NBA 2K15",2015,201,107),
(29,"Madden NFL 15",2014,201,102),
(30,"DriveClub",2014,203,104),
(31,"Dragon Age: Inquisition",2014,208,102),
(32,"LittleBigPlanet 3",2014,204,104),
(33,"Diablo III",2014,208,101),
(34,"The Evil Within",2014,202,109),
(35,"The Crew",2014,203,103),
(36,"Wolfenstein: The New Order",2014,200,109),
(37,"Tomb Raider",2014,202,110),
(38,"Metal Gear Solid V: Ground Zeroes",2014,202,111),
(39,"WWE 2K15",2014,201,107),
(40,"Alien: Isolation",2014,200,112),
(41,"EA Sports UFC",2014,200,102),
(42,"Rayman Legends",2014,204,103),
(43,"Lego Batman 3: Beyond Gotham",2014,202,106),
(44,"Thief" ,2014,202,110),
(45,"Pro Evolution Soccer", 2015,201,111),
(46,"Final Fantasy XIV: A Realm Reborn",2014,208,110),
(47,"MLB 14: The Show",2014,201,113),
(48,"Sniper Elite 3",2014,200,114),
(49,"The LEGO Movie Videogame",2014,202,106),
(50,"Metro: Last Light",2014,202,115),
(51,"Rocksmith", 2014,206,103),
(52,"Disney Infinity 2.0: Marvel Super Heroes",2014,202,116),
(53,"Plants vs. Zombies: Garden Warfare",2014,200,102),
(54,"LEGO The Hobbit",2014,202,106),
(55,"NHL 15",2014,201,102),
(56,"The Amazing Spider-Man 2",2014,202,101),
(57,"Lords of the Fallen",2014,208,110),
(58,"The Walking Dead: Season One",2014,209,117),
(59,"Skylanders: Trap Team",2014,202,101),
(60,"Sleeping Dogs",2014,202,110),
(61,"Trials Fusion",2014,203,103),
(62,"Just Dance", 2015,206,103),
(63,"Murdered: Soul Suspect",2014,202,110),
(64,"Dynasty Warriors 8: Xtreme Legends",2014,202,118),
(65,"Sherlock Holmes: Crimes & Punishments",2014,209,119),
(66,"The Walking Dead: Season Two",2014,209,117),
(67,"Onechanbara Z2: Chaos",2014,202,120),
(68,"Samurai Warriors 4",2014,202,118),
(69,"NBA Live 15",2014,201,102),
(70,"Transformer: Rise of the Dark Spark",2014,202,101),
(71,"The Wolf Among Us",2014,209,117),
(72,"Bound By Flame",2014,208,119),
(73,"Dynasty Warriors 8: Empires",2014,202,118),
(74,"Singstar: Ultimate Party",2014,206,105),
(75,"Godzilla",2014,202,121),
(76,"MotoGP 14",2014,203,122),
(77,"Guilty Gear Xrd: Sign",2014,205,123),
(78,"Warriors Orochi 3",2014,202,118),
(79,"Yakuza: Ishin",2014,202,112),
(80,"Akiba's Trip: Undead & Undressed",2014,202,124),
(81,"Natural Doctrine",2014,208,120),
(82,"Lara Croft and the Temple of Osiris",2014,202,110),
(83,"The Golf Club",2014,201,125),
(84,"Terraria",2014,202,126),
(85,"Nobunaga no Yabou: Souzou",2014,207,118),
(86,"Child of Light",2014,208,103),
(87,"Nobunaga's Ambition: Sphere of Influence",2014,207,118),
(88,"Infamous: First Light",2014,202,104),
(89,"Tour de France",2014,201,119),
(90,"Omega Quintet",2014,208,127),
(91,"Rabbids Invasion: The Interactive TV Show",2014,206,103),
(92,"FIFA 16",2015,201,102),
(93,"Fallout 4",2015,208,109),
(94,"Uncharted: The Nathan Drake Collection",2015,202,104),
(95,"The Witcher 3: Wild Hunt",2015,208,121),
(96,"Batman: Arkham Knight",2015,202,106),
(97,"NBA ",2015,201,107),
(98,"Metal Gear Solid V: The Phantom Pain",2015,202,111),
(99,"Assassin's Creed Syndicate",2015,202,103),
(100,"Madden NFL 16",2015,201,102),
(101,"Mortal Kombat X",2015,205,106),
(102,"Bloodborne",2015,202,104),
(103,"Need for Speed ",2015,203,102),
(104,"Tom Clancy's Rainbow Six: Siege",2015,200,103),
(105,"Battlefield: Hardline",2015,200,102),
(106,"Dying Light",2015,202,106),
(107,"Destiny: The Taken King",2015,200,101),
(108,"Just Cause 3",2015,202,110),
(109,"The Elder Scrolls Online",2015,208,109),
(110,"The Order: 1886",2015,200,104),
(111,"Until Dawn",2015,209,105),
(112,"WWE",2015,201,107),
(113,"Mad Max",2015,202,106),
(114,"Dragon Ball: XenoVerse",2015,205,121),
(115,"Project CARS",2015,203,128),
(116,"Final Fantasy Type-0",2015,208,110),
(117,"Evolve",2015,200,107),
(118,"MLB 15: The Show",2015,201,104),
(119,"LEGO Jurassic World",2015,202,106),
(120,"Borderlands: The Handsome Collection",2015,200,107),
(121,"Guitar Hero Live",2015,206,101),
(122,"Pro Evolution Soccer 2016",2015,201,111),
(123,"Final Fantasy X/X-2 HD Remaster",2015,208,110),
(124,"Dragon Quest Heroes: The World's Tree Woe and the Blight Below",2015,202,110),
(125,"LEGO Dimensions",2015,202,106),
(126,"Disney Infinity 3.0",2015,202,116),
(127,"Minecraft: Story Mode",2015,209,116),
(128,"F1",2015,203,130),
(129,"God of War III",2015,202,104),
(130,"NHL 16",2015,201,102),
(131,"Dark Souls II",2015,208,121),
(132,"Resident Evil: Revelations 2",2015,202,134),
(133,"Rory McIlroy PGA Tour",2015,202,102),
(134,"One Piece: Pirate Warriors 3",2015,202,121),
(135,"Wolfenstein: The Old Blood",2015,202,109),
(136,"Tales of Zestiria",2015,208,121),
(137,"Saints Row IV",2015,202,115),
(138,"Dishonored",2015,202,109),
(139,"Rock Band 4",2015,206,131),
(140,"Just Dance 2016",2015,206,103),
(141,"Farming Simulator ",2015,210,132),
(142,"Dead or Alive 5",2015,205,118),
(143,"Tropico 5",2015,210,144),
(144,"Skylanders: SuperChargers",2015,202,101),
(145,"DmC: Devil May Cry",2015,202,134),
(146,"Deadpool",2015,202,101),
(147,"Disgaea 5: Alliance of Vengeance",2015,208,120),
(148,"Divinity: Original Sin",2015,208,119),
(149,"Payday 2",2015,200,126),
(150,"Tearaway Unfolded",2015,204,104),
(151,"J Stars Victory Vs.",2015,205,121),
(152,"Sword Art Online: Lost Song",2015,208,121),
(153,"Transformers: Devastation",2015,202,101),
(154,"Darksiders II",2015,202,135),
(155,"Ride",2015,203,122),
(156,"Tony Hawk's Pro Skater 5",2015,201,101),
(157,"Zombie Army Trilogy",2015,200,136),
(158,"Saint Seiya: Soldiers' Soul",2015,205,121),
(159,"Senran Kagura: Estival Versus",2015,202,137),
(160,"Back to the Future: The Game",2015,209,117),
(161,"NBA Live 16",2015,201,102),
(162,"Yakuza Zero: The Place of Oath",2015,202,112),
(163,"MotoGP 15",2015,203,122),
(164,"Toukiden Kiwami",2015,202,118),
(165,"Bladestorm: Nightmare",2015,202,118),
(166,"BlazBlue: Chrono Phantasma Extend",2015,202,138),
(167,"Brothers: A Tale of Two Sons",2015,209,126),
(168,"Gravity Rush Remastered",2015,202,104),
(169,"Final Fantasy XIV: Heavensward",2015,202,110),
(170,"Don Bradman Cricket 14",2015,201,139),
(171,"Atelier Sophie: The Alchemist of the Mysterious Book",2015,208,118),
(172,"Sword Art Online: Hollow Fragment",2015,208,121),
(173,"Samurai Warriors 4-II",2015,208,118),
(174,"Rugby 15",2015,201,140),
(175,"Wasteland 2",2015,208,115),
(176,"God Eater 2: Rage Burst",2015,208,121),
(177,"Earth Defense Force 2025.1: The Shadow of New Despair",2015,202,141),
(178,"Ultra Street Fighter IV",2015,205,134),
(179,"The Crew Wild Run",2015,202,103),
(180,"Samurai Warriors 4: Empires",2015,202,118),
(181,"Devil May Cry 4",2015,202,134),
(182,"Adventure Time: Finn & Jake Investigations",2015,202,142),
(183,"Arslan: The Warriors of Legend",2015,202,118),
(184,"The Witch and the Hundred Knight",2015,208,120),
(185,"God Eater Resurrection",2015,202,121),
(186,"Shovel Knight",2015,204,143),
(187,"Dragon's Dogma Online",2015,208,134),
(188,"Yoru no Nai Kuni",2015,208,118),
(189,"Romance of the Three Kingdoms 13",2015,202,118),
(190,"Grand Ages: Medieval",2015,207,133),
(191,"Toy Soldiers: War Chest",2015,202,103),
(192,"Fairy Fencer F: Advent Dark Force",2015,208,145),
(193,"Grand Kingdom",2015,208,120),
(194,"Legend of Kay",2015,202,135),
(195,"The Book of Unwritten Tales 2",2015,202,135),
(196,"Broken Sword 5: The Serpent's Curse",2015,209,146),
(197,"Nights of Azure",2015,202,118),
(198,"Risen 3: Titan Lords",2015,208,115),
(199,"Earth Defense Force 4.1_The Shadow of New Despair",2015,200,147),
(200,"Utawarerumono: Itsuwari no Kamen",2015,209,148),
(201,"MX vs. ATV Supercross Encore",2015,201,135),
(202,"Rugby World Cup 2015",2015,201,103),
(203,"Handball 16",2015,201,140),
(204,"Arcania: Gothic 4",2015,208,135),
(205,"WRC 5: FIA World Rally Championship",2015,201,140),
(206,"Game of Thrones (Telltale)",2015,209,117),
(207,"Steins;Gate 0",2015,209,138),
(208,"Sengoku Basara 4: Sumeragi",2015,202,134),
(209,"Sword Art Online: Game Director's Edition",2015,208,121),
(210,"Saints Row: Gat out of Hell",2015,202,115),
(211,"Nitroplus Blasterz: Heroines Infinite Duel",2015,205,137),
(212,"Hyperdimension Neptunia Victory II",2015,208,145),
(213,"Exist Archive: The Other Side of the Sky",2015,208,149),
(214,"Assassin's Creed Chronicles: China",2015,202,103),
(215,"JoJo's Bizarre Adventure: Eyes of Heaven",2015,205,121),
(216,"Let's Sing ",2015,202,150),
(217,"The Talos Principle",2015,211,151),
(218,"God Eater Off Shot: Lindow-hen Twin Pack & Animation Vol. 2",2015,206,121),
(219,"The Peanuts Movie: Snoopy's Grand Adventure",2015,202,101),
(220,"Legend of Kay Anniversary",2015,202,135),
(221,"Blade Arcus from Shining EX",2015,205,112),
(222,"Rugby League Live 3",2015,202,139),
(223,"Natsuiro High School: Seishun Hakusho",2015,202,141),
(224,"FIFA 17",2016,201,102),
(225,"Uncharted 4: A Thief's End",2016,200,104),
(226,"Call of Duty: Infinite Warfare",2016,200,101),
(227,"Battlefield 1",2016,200,102),
(228,"Tom Clancy's The Division",2016,200,103),
(229,"Far Cry: Primal",2016,202,103),
(230,"Overwatch",2016,200,101),
(231,"NBA",2016,201,107),
(232,"Mafia III",2016,202,107),
(233,"Madden NFL 17",2016,201,102),
(234,"No Man's Sky",2016,202,152),
(235,"Dark Souls III",2016,208,121),
(236,"Ratchet & Clank ",2016,204,104),
(237,"Doom ",2016,200,109),
(238,"The Elder Scrolls V: Skyrim",2016,208,109),
(239,"Naruto Shippuden: Ultimate Ninja Storm 4",2016,205,121),
(240,"Watch Dogs 2",2016,202,103),
(241,"Rise of the Tomb Raider",2016,209,110),
(242,"EA Sports UFC 2",2016,201,102),
(243,"Street Fighter V",2016,205,134),
(244,"MLB 16: The Show",2016,202,104),
(245,"Titanfall 2",2016,200,102),
(246,"LEGO Marvel's Avengers",2016,202,106),
(247,"Dragon Ball: Xenoverse 2",2016,202,121),
(248,"Lego Star Wars: The Force Awakens",2016,202,106),
(249,"Dishonored 2",2016,202,109),
(250,"WWE 2K16",2016,201,107),
(251,"Plants vs. Zombies: Garden Warfare 2",2016,200,102),
(252,"Pro Evolution Soccer ",2016,201,111),
(253,"Farming Simulator 17",2016,210,119),
(254,"Dragon Quest Builders: Revive Alefgard",2016,208,110),
(255,"Life is Strange",2016,209,110),
(256,"Until Dawn: Rush of Blood",2016,209,104),
(257,"F1 2016 (Codemasters)",2016,203,130),
(258,"Deus Ex: Mankind Divided",2016,208,110),
(259,"Resident Evil Zero",2016,202,134),
(260,"Persona 5",2016,208,153),
(261,"BioShock The Collection",2016,200,107),
(262,"Rocket League",2016,201,126),
(263,"DiRT Rally",2016,203,130),
(264,"Homefront: The Revolution",2016,200,115),
(265,"One Piece: Burning Blood",2016,205,121),
(266,"Mirror's Edge Catalyst",2016,204,102),
(267,"TrackMania Turbo",2016,202,103),
(268,"World of Final Fantasy",2016,208,110),
(269,"NHL 17",2016,201,103),
(270,"Star Ocean 5: Integrity and Faithlessness",2016,208,110),
(271,"Batman: Arkham VR",2016,202,106),
(272,"UEFA Euro ",2016,201,111),
(273,"Dragon Quest Heroes II: Twin Kings and the Prophecy's End",2016,202,110),
(274,"Attack on Titan (KOEI)",2016,202,118),
(275,"Batman: Return to Arkham",2016,202,106),
(276,"Battleborn",2016,200,107),
(277,"PlayStation VR Worlds",2016,206,104),
(278,"Destiny: The Collection",2016,200,101),
(279,"Tales of Berseria",2016,208,121),
(280,"Assassin's Creed The Ezio Collection",2016,202,103),
(281,"Valkyria Chronicles",2016,208,112),
(282,"The Heavy Rain and Beyond: Two Souls Collection",2016,202,104),
(283,"Odin Sphere: Leifthrasir",2016,208,120),
(284,"Sword Art Online: Hollow Realization",2016,208,121),
(285,"Jikkyou Powerful Pro Baseball",2016,201,111),
(286,"Yakuza Kiwami",2016,209,112),
(287,"The King of Fighters XIV",2016,205,115),
(288,"LEGO Harry Potter Collection",2016,202,106),
(289,"Skylanders Imaginators",2016,204,101),
(290,"XCOM 2",2016,207,107),
(291,"7 Days to Die",2016,202,117),
(292,"Dead Island Definitive Collection",2016,202,115),
(293,"Robinson: The Journey",2016,202,154),
(294,"Digimon Story: Cyber Sleuth",2016,208,121),
(295,"RIGS: Mechanized Combat League",2016,202,104),
(296,"Fate/Extella: The Umbral Star",2016,202,138),
(297,"EVE: Valkyrie",2016,200,155),
(298,"The Idolmaster: Platinum Stars",2016,210,121),
(299,"Gundam Breaker 3",2016,202,121),
(300,"Super Robot Wars OG: The Moon Dwellers",2016,206,121),
(301,"Teenage Mutant Ninja Turtles: Mutants in Manhattan",2016,202,101),
(302,"MXGP 2",2016,203,122),
(303,"DriveClub VR",2016,203,104),
(304,"Batman: A Telltale Game Series",2016,209,117),
(305,"Assassin's Creed Chronicles",2016,202,103),
(306,"Toukiden 2",2016,202,118),
(307,"SD Gundam G Generation Genesis",2016,207,121),
(308,"BlazBlue Central Fiction",2016,205,138),
(309,"Guilty Gear Xrd -Revelator-",2016,205,138),
(310,"Mega Man Legacy Collection",2016,204,134),
(311,"Pro Cycling Manager ",2016,201,119),
(312,"Resident Evil 6",2016,200,134),
(313,"Song of the Deep",2016,202,156),
(314,"Valentino Rossi: The Game",2016,203,121),
(315,"Eagle Flight",2016,209,103),
(316,"Assetto Corsa",2016,203,114),
(317,"The Technomancer",2016,208,119),
(318,"Project Setsuna",2016,208,110),
(319,"Kamen Rider: Battride War Genesis",2016,202,121),
(320,"ZombiU",2016,202,103),
(321,"Nobunaga's Ambition: Sphere of Influence - Sengoku Risshiden",2016,206,118),
(322,"Ghostbusters ",2016,202,101),
(323,"Mighty No. 9",2016,204,115),
(324,"Dead or Alive Xtreme 3: Fortune",2016,201,118),
(325,"Killing Floor 2",2016,200,134),
(326,"Utawarerumono: Futari no Hakuoro",2016,206,148),
(327,"Hatsune Miku: Project Diva X",2016,206,112),
(328,"Resident Evil 4 HD",2016,200,134),
(329,"NASCAR Heat Evolution",2016,203,158), 
(330,"Ride 2",2016,203,122),
(331,"Hitman (2016)",2016,202,110),
(332,"Sébastien Loeb Rally Evo",2016,203,122),
(333,"Battlezone",2016,202,136),
(334,"Rugby Challenge 3",2016,201,171),
(335,"Psycho-Pass: Mandatory Happiness",2016,209,120),
(336,"Dead Rising",2016,202,134),
(337,"Berserk and the Band of the Hawk",2016,202,118),
(338,"Metal Gear Solid V: The Definitive Experience",2016,202,111),
(339,"Warhammer: The End Times - Vermintide",2016,202,159),
(340,"Sengoku Basara: Sanada Yukimura-Den",2016,202,134),
(341,"Duke Nukem 3D: 20th Anniversary World Tour",2016,200,160),
(342,"Atelier Firis: The Alchemist of the Mysterious Journey",2016,208,118),
(343,"Just Dance 2017",2016,206,103),
(344,"Summon Night 6: Lost Borders",2016,202,121),
(345,"Tokyo Xanadu eX+",2016,208,161),
(346,"Prison Architect",2016,202,162),
(347,"Worms: WMD",2016,202,163),
(348,"Samurai Warriors: Sanada Maru",2016,202,118),
(349,"Loading Human",2016,209,150),
(350,"Dead Rising 2",2016,202,134),
(351,"Resident Evil 5 HD",2016,202,134),
(352,"Aegis of Earth: Protonovus Assault",2016,202,138),
(353,"Agatha Christie's The ABC Murders",2016,209,164),
(354,"Atari Flashback Classics: Volume 1",2016,206,165),
(355,"Assault Suit Leynos",2016,200,166),
(356,"Atari Flashback Classics: Volume 2",2016,208,165),
(357,"Here They Lie",2016,209,104),
(358,"Resident Evil: Umbrella Corps",2016,202,134),
(359,"Anima - Gate of Memories",2016,202,167),
(360,"Dino Dini's Kick Off Revival",2016,201,167),
(361,"Black Rose Valkyrie",2016,208,145),
(362,"Touhou Genso Rondo: Bullet Ballet",2016,200,120),
(363,"Paragon",2016,202,172),
(364,"Darksiders: Warmastered Edition",2016,202,135),
(365,"Winning Post 8 ",2016,210,118),
(366,"Prototype: Biohazard Bundle",2016,202,101),
(367,"This War of Mine",2016,202,115),
(368,"Koihime Enbu",2016,205,168),
(369,"Dynasty Warriors: Eiketsuden",2016,202,118),
(370,"Mark McMorris Infinite Air",2016,201,150),
(371,"Rocksmith Edition Remastered",2016,206,103),
(372,"Republique",2016,202,120),
(373,"Super Stardust Ultra VR",2016,200,104),
(374,"Super Dungeon Bros",2016,202,135),
(375,"God Eater Off Shot: Tachibana Sakuya-hen Twin Pack & Animation Vol.7",2016,202,121),
(376,"Sherlock Holmes: The Devil's Daughter",2016,209,140),
(377,"Root Letter",2016,209,138),
(378,"Shin Hayarigami 2",2016,209,120),
(379,"Dungeons 2",2016,208,144),
(380,"Carmageddon: Max Damage",2016,202,169),
(381,"Farming 2017 - The Simulation",2016,210,170),
(382,"Final Fantasy XV",2016,208,110),
(383,"Phantasy Star Online 2 Episode 4: Deluxe Package",2017,208,112),
(384,"Persona 5",2017,208,153),
(385,"Far Cry 5",2018,202,103),
(386,"Shadow of the Colossus",2018,209,104),
(387,"Astro Bot Rescue Mission",2018,204,104),
(388,"Valkyria Chronicles 4",2018,208,112);

select name,p.publisher_name from  games
inner join publisher as p
on games.publisher_id=p.publisher_id;

select*from sales;

insert into sales
values(300,1,"1.78","1.43","0.05","0.57","3.83"),
(301,	2,"1.35","1.55","0.17","0.51","3.59"),
(302,3,0.61,1.85,0.11,0.44,3.01);
insert into sales
values
(303,4,1.07,1.31,0.06,0.42,2.85),
(304,5,0.89,1.33,0.08,0.39,2.69),
(305,6,0.73,0.92,0.03,0.3,1.98),
(306,7,0.43,0.68,0.42,0.2,1.73),
(307,8,0.59,0.76,0.01,0.26,1.62),
(308,9,0.89,0.31,0.01,0.23,1.45),
(309,10,0.46,0.3,0,0.16,0.91),
(310,11,0.63,0.13,0,0.15,0.9),
(311,12,0.19,0.16,0,0.07,0.41),
(312,13,0.2,0.12,0,0.06,0.39),
(313,14,0.15,0.05,0,0.04,0.24),
(314,15,0.1,0.08,0,0.04,0.21),
(315,16,0.06,0.07,0,0.03,0.16),
(316,17,3.96,6.31,0.38,1.97,12.61),
(317,18,2.81,3.48,0.14,1.23,7.66),
(318,19,0.8,4.33,0.05,0.9,6.08),
(319,20,2.49,2.07,0.16,0.92,5.64),
(320,21,1.88,2,0.07,0.77,4.71),
(321,22,1.48,2.02,0.14,0.68,4.32),
(322,23,1.4,1.9,0.11,0.64,4.05),
(323,24,1.13,2.18,0.1,0.63,4.04),
(324,25,1.19,2.07,0.08,0.62,3.96),
(325,26,1.01,1.43,0.05,0.47,2.96),
(326,27,1.28,0.98,0.07,0.46,2.79),
(327,28,1.47,0.54,0.01,0.43,2.45),
(328,29,1.54,0.25,0,0.4,2.19),
(329,30,0.36,1.38,0.02,0.31,2.07),
(330,31,0.73,0.88,0.88,0.32,2.01),
(331,32,0.66,0.93,0.01,0.31,1.91),
(332,33,0.51,0.98,0.06,0.28,1.82),
(333,34,0.55,0.86,0.11,0.27,1.79),
(334,35,0.35,1.08,0.03,0.26,1.72),
(335,36,0.47,0.8,0.03,0.24,1.55),
(336,37,0.47,0.65,0.06,0.22,1.4),
(337,38,0.45,0.47,0.17,0.18,1.27),
(338,39,0.39,0.57,0,0.19,1.15),
(339,40,0.34,0.57,0.04,0.17,1.13),
(340,41,0.46,0.41,0.01,0.17,1.05),
(341,42,0.22,0.64,0,0.16,1.01),
(342,43,0.37,0.4,0,0.15,0.93),
(343,44,0.28,0.38,0.03,0.13,0.82),
(344,45,0.09,0.45,0.11,0.1,0.75),
(345,46,0.33,0.23,0.08,0.11,0.75),
(346,47,0.58,0,0,0.14,0.72),
(347,48,0.24,0.34,0,0.11,0.68),
(348,49,0.24,0.31,0.01,0.11,0.67),
(349,50,0.22,0.3,0.04,0.1,0.66),
(350,51,0.35,0.17,0,0.11,0.63),
(351,52,0.27,0.25,0,0.1,0.62),
(352,53,0.21,0.29,0.01,0.1,0.61),
(353,54,0.13,0.38,0,0.09,0.6),
(354,55,0.31,0.19,0,0.1,0.6),
(355,56,0.2,0.25,0.02,0.09,0.55),
(356,57,0.18,0.24,0.02,0.08,0.52),
(357,58,0.12,0.25,0.02,0.07,0.46),
(358,59,0.19,0.18,0,0.07,0.44),
(359,60,0.16,0.2,0,0.07,0.43),
(360,61,0.13,0.22,0.01,0.07,0.42),
(361,62,0.19,0.13,0,0.07,0.39),
(362,63,0.09,0.16,0.02,0.05,0.32),
(363,64,0.09,0.11,0.06,0.04,0.3),
(364,65,0.09,0.14,0,0.04,0.27),
(365,66,0.1,0.09,0.01,0.04,0.25),
(366,67,0.14,0.03,0.04,0.04,0.24),
(367,68,0.08,0.07,0.06,0.03,0.24),
(368,69,0.16,0.04,0,0.04,0.23),
(369,70,0.07,0.1,0.01,0.03,0.21),
(370,71,0.1,0.07,0,0.04,0.21),
(371,72,0.08,0.09,0,0.03,0.19),
(372,73,0.06,0.07,0.03,0.03,0.19),
(373,74,0,0.16,0,0.03,0.19),
(374,75,0.11,0.03,0.02,0.03,0.19),
(375,76,0.04,0.11,0,0.03,0.18),
(376,77,0.1,0,0.04,0.02,0.16),
(377,78,0.04,0.05,0.04,0.02,0.15),
(378,79,0,0,0.15,0,0.15),
(379,80,0.08,0,0.01,0.02,0.12),
(380,81,0.05,0.02,0.02,0.01,0.1),
(381,82,0,0.07,0,0.01,0.09),
(382,83,0.05,0.02,0,0.01,0.08),
(383,84,0,0.05,0.01,0.01,0.07),
(384,85,0,0,0.06,0,0.06),
(385,86,0,0.01,0.04,0,0.05),
(386,87,0.03,0,0,0.01,0.04),
(387,88,0,0.03,0,0,0.03),
(388,89,0,0.03,0,0,0.03),
(389,90,0,0,0.02,0,0.02),
(390,91,0,0.01,0,0,0.02),
(391,92,1.12,6.12,0.06,1.28,8.57),
(392,93,2.53,3.27,0.24,1.13,7.16),
(393,94,2.07,1.71,0.08,0.76,4.62),
(394,95,1.02,2.13,0.23,0.59,3.97),
(395,96,1.53,1.69,0.1,0.64,3.95),
(396,97,2.49,0.66,0.03,0.69,3.88),
(397,98,1.09,1.36,0.49,0.48,3.41),
(398,99,0.81,1.99,0.07,0.52,3.39),
(399,100,2.34,0.3,0,0.6,3.24),
(400,101,1.5,0.8,0,0.48,2.78),
(401,102,1.03,0.81,0.26,0.38,2.48),
(402,103,0.5,1.5,0.05,0.37,2.43),
(403,104,0.55,1.19,0.14,0.33,2.21),
(404,105,0.71,0.94,0.14,0.32,2.1),
(405,106,0.96,0.67,0.12,0.34,2.09),
(406,107,0.78,0.79,0.04,0.31,1.93),
(407,108,0.47,1.03,0.07,0.28,1.86),
(408,109,0.67,0.79,0,0.29,1.75),
(409,110,0.61,0.78,0.06,0.27,1.74),
(410,111,0.45,0.9,0.05,0.26,1.66),
(411,112,0.41,0.6,0,0.2,1.21),
(412,113,0.36,0.59,0.04,0.18,1.17),
(413,114,0.3,0.52,0.12,0.16,1.11),
(414,115,0.2,0.7,0.02,0.16,1.09),
(415,116,0.37,0.32,0.15,0.14,0.98),
(416,117,0.36,0.41,0.05,0.15,0.96),
(417,118,0.68,0.08,0,0.17,0.92),
(418,119,0.32,0.42,0.02,0.14,0.9),
(419,120,0.38,0.33,0.03,0.14,0.88),
(420,121,0.34,0.38,0,0.14,0.86),
(421,122,0.13,0.42,0.13,0.1,0.79),
(422,123,0.29,0.27,0.06,0.11,0.74),
(423,124,0.17,0.13,0.37,0.06,0.74),
(424,125,0.24,0.37,0,0.12,0.73),
(425,126,0.24,0.37,0,0.12,0.72),
(426,127,0.25,0.33,0,0.11,0.69),
(427,128,0.09,0.45,0.03,0.1,0.66),
(428,129,0.24,0.29,0.01,0.1,0.65),
(429,130,0.36,0.16,0,0.11,0.63),
(430,131,0.21,0.23,0.08,0.09,0.6),
(431,132,0.13,0.24,0.1,0.07,0.55),
(432,133,0.18,0.25,0,0.08,0.52),
(433,134,0.09,0.22,0.1,0.06,0.46),
(434,135,0.1,0.25,0.02,0.06,0.43),
(435,136,0.17,0.15,0.02,0.06,0.4),
(436,137,0.13,0.18,0.03,0.06,0.39),
(437,138,0.12,0.2,0.02,0.06,0.39),
(438,139,0.26,0.05,0,0.07,0.38),
(439,140,0.17,0.13,0,0.06,0.36),
(440,141,0.1,0.2,0,0.06,0.35),
(441,142,0.09,0.13,0.08,0.04,0.34),
(442,143,0.06,0.16,0.06,0.04,0.31),
(443,144,0.17,0.08,0,0.05,0.31),
(444,145,0.12,0.13,0,0.05,0.31),
(445,146,0.14,0.11,0,0.05,0.29),
(446,147,0.11,0.08,0.06,0.04,0.29),
(447,148,0.1,0.12,0.02,0.04,0.28),
(448,149,0.1,0.14,0,0.05,0.28),
(449,150,0.09,0.13,0,0.04,0.26),
(450,151,0.08,0.14,0,0.04,0.26),
(451,152,0.1,0.11,0,0.04,0.25),
(452,153,0.1,0.09,0,0.04,0.23),
(453,154,0.09,0.1,0,0.04,0.22),
(454,155,0.04,0.13,0.03,0.03,0.22),
(455,156,0.09,0.08,0,0.03,0.21),
(456,157,0.05,0.12,0,0.03,0.2),
(457,158,0,0.12,0.04,0.02,0.18),
(458,159,0.08,0,0.08,0.02,0.18),
(459,160,0.1,0.05,0,0.03,0.18),
(460,161,0.1,0.04,0,0.03,0.18),
(461,162,0,0,0.17,0,0.17),
(462,163,0,0.12,0.03,0.02,0.17),
(463,164,0.05,0.07,0.02,0.02,0.17),
(464,165,0.08,0.04,0.03,0.02,0.17),
(465,166,0.07,0.03,0.02,0.02,0.14),
(466,167,0.03,0.08,0,0.02,0.14),
(467,168,0.02,0.05,0.04,0.01,0.13),
(468,169,0,0.06,0.06,0.01,0.13),
(469,170,0.01,0.09,0,0.02,0.12),
(470,171,0.03,0.02,0.06,0.01,0.12),
(471,172,0,0.1,0,0.02,0.12),
(472,173,0.03,0.02,0.06,0.01,0.12),
(473,174,0.04,0.06,0,0.02,0.11),
(474,175,0.08,0,0.02,0.02,0.11),
(475,176,0,0.01,0.09,0,0.11),
(476,177,0,0,0.1,0,0.1),
(477,178,0,0.08,0,0.01,0.1),
(478,179,0,0.08,0,0.01,0.1),
(479,180,0.02,0.01,0.06,0.01,0.1),
(480,181,0.01,0,0.08,0,0.09),
(481,182,0.03,0.05,0,0.02,0.09),
(482,183,0.03,0.01,0.04,0.01,0.09),
(483,184,0.02,0.01,0.05,0.01,0.09),
(484,185,0,0,0.08,0,0.08),
(485,186,0.03,0.03,0,0.01,0.08),
(486,187,0,0,0.08,0,0.08),
(487,188,0,0,0.08,0,0.08),
(488,189,0.02,0,0.05,0.01,0.08),
(489,190,0,0.05,0.02,0.01,0.07),
(490,191,0.06,0,0,0.01,0.07),
(491,192,0.02,0,0.05,0,0.07),
(492,193,0.03,0,0.03,0.01,0.07),
(493,194,0.02,0.03,0,0.01,0.07),
(494,195,0,0.06,0,0.01,0.07),
(495,196,0,0.06,0,0.01,0.07),
(496,197,0.03,0.02,0,0.01,0.06),
(497,198,0,0.05,0,0.01,0.06),
(498,199,0.03,0.02,0,0.01,0.06),
(499,200,0,0,0.06,0,0.06),
(500,201,0,0.05,0,0.01,0.06),
(501,202,0,0.05,0,0.01,0.06),
(502,203,0,0.05,0,0.01,0.06),
(503,204,0.04,0,0,0.01,0.05),
(504,205,0,0.05,0,0.01,0.05),
(505,206,0.04,0,0,0.01,0.05),
(506,207,0,0,0.05,0,0.05),
(507,208,0,0,0.05,0,0.05),
(508,209,0,0,0.05,0,0.05),
(509,210,0,0.04,0,0.01,0.05),
(510,211,0.01,0,0.02,0,0.04),
(511,212,0,0,0.04,0,0.04),
(512,213,0.01,0,0.03,0,0.04),
(513,214,0,0.03,0,0.01,0.04),
(514,215,0,0,0.03,0,0.03),
(515,216,0.03,0,0,0.01,0.03),
(516,217,0,0.02,0,0,0.03),
(517,218,0,0,0.03,0,0.03),
(518,219,0,0.02,0,0,0.03),
(519,220,0,0.02,0,0,0.03),
(520,221,0,0,0.02,0,0.02),
(521,222,0,0.02,0,0,0.02),
(522,223,0,0,0.02,0,0.02),
(523,224,0.66,5.75,0.08,1.11,7.59),
(524,225,1.85,2.5,0.19,0.85,5.38),
(525,226,1.61,2,0.15,0.71,4.46),
(526,227,1.1,2.15,0.21,0.61,4.08),
(527,228,1.35,1.7,0.15,0.6,3.8),
(528,229,0.6,1.25,0.06,0.35,2.26),
(529,230,0.81,0.85,0.15,0.33,2.14),
(530,231,1.25,0.27,0.02,0.34,1.88),
(531,232,0.42,1.08,0.03,0.28,1.81),
(532,233,1.25,0.17,0,0.32,1.75),
(533,234,0.63,0.76,0.03,0.27,1.7),
(534,235,0.65,0.45,0.34,0.22,1.65),
(535,236,0.5,0.76,0.04,0.24,1.54),
(536,237,0.54,0.69,0.02,0.24,1.49),
(537,238,0.48,0.59,0.04,0.21,1.33),
(538,239,0.41,0.45,0.11,0.17,1.14),
(539,240,0.37,0.58,0,0.18,1.13),
(540,241,0.23,0.53,0.04,0.14,0.94),
(541,242,0.29,0.49,0,0.15,0.93),
(542,243,0.4,0.28,0.08,0.14,0.9),
(543,244,0.72,0,0,0.17,0.89),
(544,245,0.34,0.25,0.05,0.12,0.75),
(545,246,0.26,0.35,0,0.12,0.73),
(546,247,0.24,0.27,0.09,0.1,0.71),
(547,248,0.16,0.43,0.01,0.11,0.7),
(548,249,0.22,0.32,0,0.1,0.64),
(549,250,0.17,0.34,0,0.09,0.6),
(550,251,0.2,0.21,0,0.08,0.49),
(551,252,0.02,0.27,0.11,0.05,0.4),
(552,253,0.05,0.31,0,0.06,0.41),
(553,254,0.04,0.11,0.22,0.03,0.4),
(554,255,0.15,0.15,0.03,0.06,0.4),
(555,256,0.18,0.15,0,0.07,0.39),
(556,257,0.03,0.29,0.01,0.05,0.39),
(557,258,0.11,0.21,0,0.06,0.38),
(558,259,0.1,0.17,0.05,0.05,0.37),
(559,260,0,0,0.37,0,0.37),
(560,261,0.1,0.19,0.02,0.06,0.37),
(561,262,0.03,0.28,0,0.05,0.37),
(562,263,0.04,0.27,0,0.05,0.37),
(563,264,0.06,0.21,0.03,0.05,0.35),
(564,265,0.11,0.13,0.07,0.05,0.35),
(565,266,0.11,0.16,0.02,0.05,0.35),
(566,267,0.03,0.26,0,0.05,0.35),
(567,268,0.08,0.14,0.08,0.04,0.33),
(568,269,0.19,0.08,0,0.06,0.33),
(569,270,0.07,0.09,0.15,0.03,0.33),
(570,271,0.25,0,0,0.06,0.3),
(571,272,0,0.22,0.04,0.04,0.29),
(572,273,0,0,0.28,0,0.28),
(573,274,0.04,0.11,0.11,0.03,0.28),
(574,275,0.07,0.16,0,0.04,0.26),
(575,276,0.12,0.08,0.02,0.04,0.26),
(576,277,0.06,0.14,0.02,0.04,0.25),
(577,278,0.05,0.15,0,0.04,0.24),
(578,279,0,0,0.23,0,0.23),
(579,280,0.04,0.13,0,0.03,0.2),
(580,281,0.07,0.05,0.05,0.03,0.2),
(581,282,0,0.17,0,0.03,0.2),
(582,283,0.07,0.04,0.07,0.02,0.2),
(583,284,0.06,0.02,0.1,0.02,0.19),
(584,285,0,0,0.17,0,0.17),
(585,286,0,0,0.16,0,0.16),
(586,287,0.07,0.02,0.04,0.02,0.15),
(587,288,0.01,0.11,0,0.02,0.15),
(588,289,0.04,0.08,0,0.02,0.14),
(589,290,0.04,0.08,0,0.02,0.14),
(590,291,0.04,0.08,0,0.02,0.14),
(591,292,0.03,0.07,0.01,0.02,0.14),
(592,293,0.06,0.03,0,0.02,0.12),
(593,294,0,0.1,0,0.02,0.11),
(594,295,0.03,0.05,0.01,0.02,0.11),
(595,296,0,0,0.11,0,0.11),
(596,297,0.03,0.05,0,0.02,0.1),
(597,298,0,0,0.1,0,0.1),
(598,299,0,0,0.1,0,0.1),
(599,300,0,0,0.09,0,0.09),
(600,301,0.05,0.02,0,0.02,0.09),
(601,302,0.02,0.05,0,0.01,0.09),
(602,303,0.03,0.05,0,0.01,0.09),
(603,304,0.03,0.05,0,0.01,0.09),
(604,305,0.01,0.05,0.01,0.01,0.09),
(605,306,0,0,0.08,0,0.08),
(606,307,0,0,0.08,0,0.08),
(607,308,0.04,0,0.03,0.01,0.08),
(608,309,0.03,0,0.05,0.01,0.08),
(609,310,0.07,0,0,0.02,0.08),
(610,311,0,0.07,0,0.01,0.08),
(611,312,0.06,0,0,0.01,0.08),
(612,313,0.06,0,0,0.01,0.08),
(613,314,0.01,0.05,0,0.01,0.08),
(614,315,0.01,0.05,0,0.01,0.07),
(615,316,0,0.05,0,0.01,0.06),
(616,317,0.02,0.04,0,0.01,0.06),
(617,318,0,0,0.06,0,0.06),
(618,319,0,0,0.06,0,0.06),
(619,320,0,0.04,0.01,0.01,0.06),
(620,321,0.01,0,0.05,0,0.06),
(621,322,0.04,0,0,0.01,0.05),
(622,323,0.04,0,0,0.01,0.05),
(623,324,0,0,0.05,0,0.05),
(624,325,0.03,0.01,0,0.01,0.05),
(625,326,0,0,0.05,0,0.05),
(626,327,0.02,0,0.02,0,0.05),
(627,328,0.04,0,0,0.01,0.05),
(628,329,0.04,0,0,0.01,0.05),
(629,330,0,0.04,0,0.01,0.05),
(630,331,0,0.04,0,0.01,0.05),
(631,332,0,0.04,0,0.01,0.04),
(632,333,0.02,0.02,0,0.01,0.04),
(633,334,0,0.04,0,0.01,0.04),
(634,335,0.03,0,0,0.01,0.04),
(635,336,0.02,0,0.01,0.01,0.04),
(636,337,0,0,0.04,0,0.04),
(637,338,0.01,0.02,0.01,0,0.04),
(638,339,0.01,0.02,0,0.01,0.04),
(639,340,0,0,0.03,0,0.03),
(640,341,0.03,0,0,0.01,0.03),
(641,342,0,0,0.03,0,0.03),
(642,343,0.02,0,0,0.01,0.03),
(643,344,0,0,0.03,0,0.03),
(644,345,0,0,0.03,0,0.03),
(645,346,0.01,0.01,0,0.01,0.03),
(646,347,0.01,0.02,0,0,0.03),
(647,348,0,0,0.03,0,0.03),
(648,349,0.01,0.01,0,0,0.03),
(649,350,0.01,0,0.01,0,0.03),
(650,351,0.02,0,0,0.01,0.03),
(651,352,0.02,0,0,0,0.03),
(652,353,0.01,0.01,0,0,0.03),
(653,354,0.02,0,0,0,0.03),
(654,355,0.02,0,0,0,0.02),
(655,356,0.02,0,0,0,0.02),
(656,357,0,0.02,0,0,0.02),
(657,358,0,0,0.02,0,0.02),
(658,359,0,0.02,0,0,0.02),
(659,360,0,0.02,0,0,0.02),
(660,361,0,0,0.02,0,0.02),
(661,362,0.02,0,0,0,0.02),
(662,363,0.02,0,0,0,0.02),
(663,364,0.02,0,0,0,0.02),
(664,365,0,0,0.02,0,0.02),
(665,366,0.01,0,0,0,0.02),
(666,367,0,0.01,0,0,0.02),
(667,368,0,0,0.02,0,0.02),
(668,369,0,0,0.02,0,0.02),
(669,370,0.01,0,0,0,0.02),
(670,371,0.01,0,0,0,0.02),
(671,372,0,0.01,0.01,0,0.01),
(672,373,0,0.01,0,0,0.01),
(673,374,0.01,0,0,0,0.01),
(674,375,0,0,0.01,0,0.01),
(675,376,0.01,0,0,0,0.01),
(676,377,0,0,0.01,0,0.01),
(677,378,0,0,0.01,0,0.01),
(678,379,0.01,0,0,0,0.01),
(679,380,0.01,0,0,0,0.01),
(680,381,0,0.01,0,0,0.01),
(681,382,1.81,1.53,1.05,0.68,5.07),
(682,383,0,0,0.04,0,0.04),
(683,384,0.62,0.34,0.48,0.2,1.64),
(684,385,1.44,1.73,0.15,0.62,3.95),
(685,386,0.44,0.52,0.05,0.19,1.2),
(686,387,0.22,0.36,0.02,0.11,0.7),
(687,388,0.1,0.03,0.08,0.03,0.25);

select*from games;

select *from games
 inner join sales
on games.game_id=sales.game_id;




























































































